RMSE,MAE,Median Error
177.59186587920925,91.85348195133754,-29.3
